N,LB,TH,K,weight_mode,vol_target,total_return_pct,cagr_pct,max_drawdown_pct,sharpe_ratio,calmar_ratio,exposure_pct,total_trades,final_nav
50,14,0.65,5,Inverse_Vol,False,1200.47,170.67,-43.69,2.03,3.91,26.6,196,130046.72
50,14,0.5,5,Inverse_Vol,False,1230.49,173.08,-46.25,2.0,3.74,30.1,220,133048.87
50,14,0.4,5,Inverse_Vol,False,1105.83,162.85,-47.35,1.9,3.44,32.6,245,120583.44
50,14,0.5,5,Inverse_Vol,True,1083.13,160.91,-51.39,1.89,3.13,30.1,220,118312.54
50,14,0.65,5,Equal_Weight,False,996.8,153.35,-45.8,1.88,3.35,26.6,196,109679.76
50,14,0.65,5,Inverse_Vol,True,989.0,152.65,-50.01,1.88,3.05,26.6,196,108900.08
50,14,0.65,3,Inverse_Vol,False,1349.73,182.33,-50.22,1.83,3.63,26.6,170,144973.39
50,14,0.5,5,Equal_Weight,False,982.52,152.07,-46.7,1.83,3.26,30.1,220,108252.43
50,14,0.5,3,Inverse_Vol,True,1604.59,200.64,-56.61,1.82,3.54,30.1,187,170458.53
50,14,0.5,3,Inverse_Vol,False,1394.04,185.65,-51.4,1.81,3.61,30.1,187,149403.92
50,14,0.65,3,Inverse_Vol,True,1409.12,186.76,-57.0,1.79,3.28,26.6,170,150912.11
50,14,0.4,5,Inverse_Vol,True,965.6,150.53,-53.76,1.79,2.8,32.6,245,106560.13
50,14,0.65,3,Hysteresis_Rank,False,1285.65,177.42,-48.69,1.77,3.64,26.6,112,138565.33
50,14,0.65,3,Equal_Weight,False,1343.73,181.87,-55.98,1.76,3.25,26.6,170,144373.32
50,14,0.5,3,Equal_Weight,False,1340.89,181.66,-54.27,1.74,3.35,30.1,187,144088.68
50,14,0.5,3,Equal_Weight,True,1487.96,192.49,-61.41,1.72,3.13,30.1,187,158795.71
50,14,0.4,5,Equal_Weight,False,858.62,140.45,-48.78,1.72,2.88,32.6,245,95861.85
50,14,0.65,5,Equal_Weight,True,828.11,137.45,-52.18,1.72,2.63,26.6,196,92811.38
50,14,0.5,5,Equal_Weight,True,871.6,141.71,-52.8,1.71,2.68,30.1,220,97160.46
50,14,0.65,3,Equal_Weight,True,1361.37,183.21,-63.11,1.7,2.9,26.6,170,146136.53
50,14,0.65,5,Hysteresis_Rank,False,655.27,119.2,-45.66,1.7,2.61,26.6,145,75526.52
50,14,0.4,3,Inverse_Vol,False,1151.77,166.69,-53.43,1.69,3.12,32.6,213,125176.63
50,14,0.4,3,Inverse_Vol,True,1291.01,177.83,-60.25,1.69,2.95,32.6,213,139101.11
30,14,0.5,3,Hysteresis_Rank,False,743.04,128.75,-41.11,1.68,3.13,30.8,135,84303.63
50,14,0.65,3,Hysteresis_Rank,True,1201.61,170.76,-55.74,1.68,3.06,26.6,112,130161.07
30,14,0.5,3,Hysteresis_Rank,True,767.2,131.28,-47.23,1.65,2.78,30.8,135,86720.4
50,14,0.5,5,Hysteresis_Rank,False,621.7,115.36,-45.77,1.64,2.52,30.1,158,72170.17
50,14,0.5,3,Hysteresis_Rank,False,972.06,151.12,-52.51,1.62,2.88,30.1,123,107206.07
30,14,0.65,3,Hysteresis_Rank,False,601.1,112.96,-46.87,1.62,2.41,26.8,114,70109.92
50,14,0.4,3,Equal_Weight,False,1072.39,159.99,-57.38,1.61,2.79,32.6,213,117238.54
30,14,0.4,3,Hysteresis_Rank,True,766.74,131.23,-39.55,1.6,3.32,33.0,158,86673.6
50,14,0.4,5,Equal_Weight,True,746.45,129.11,-55.31,1.6,2.33,32.6,245,84645.13
50,14,0.4,3,Equal_Weight,True,1157.68,167.18,-64.5,1.59,2.59,32.6,213,125768.3
30,14,0.4,3,Hysteresis_Rank,False,670.55,120.91,-44.26,1.57,2.73,33.0,158,77054.94
50,14,0.5,3,Hysteresis_Rank,True,959.69,149.99,-59.67,1.57,2.51,30.1,123,105968.58
50,14,0.65,5,Hysteresis_Rank,True,578.51,110.27,-52.23,1.56,2.11,26.6,145,67850.61
30,14,0.65,3,Hysteresis_Rank,True,587.4,111.33,-53.44,1.56,2.08,26.8,114,68739.73
50,14,0.4,5,Hysteresis_Rank,False,551.44,106.97,-48.14,1.54,2.22,32.6,176,65144.38
50,14,0.5,5,Hysteresis_Rank,True,575.76,109.93,-52.36,1.54,2.1,30.1,158,67575.69
50,14,0.4,3,Hysteresis_Rank,False,742.94,128.74,-55.69,1.48,2.31,32.6,144,84293.92
30,14,0.65,5,Inverse_Vol,False,389.08,85.18,-52.35,1.48,1.63,26.8,213,48907.69
30,14,0.5,3,Inverse_Vol,False,558.08,107.79,-52.66,1.46,2.05,30.8,206,65807.94
30,14,0.65,3,Inverse_Vol,False,497.3,100.11,-56.24,1.45,1.78,26.8,178,59729.74
30,14,0.5,5,Inverse_Vol,False,403.1,87.22,-47.2,1.44,1.85,30.8,249,50310.49
50,14,0.4,5,Hysteresis_Rank,True,503.15,100.87,-54.8,1.44,1.84,32.6,176,60314.51
30,14,0.5,3,Equal_Weight,False,524.58,103.61,-52.23,1.43,1.98,30.8,206,62458.09
30,14,0.4,3,Inverse_Vol,True,591.29,111.79,-53.88,1.42,2.07,33.0,231,69129.02
30,14,0.5,3,Inverse_Vol,True,547.94,106.54,-59.36,1.42,1.79,30.8,206,64794.35
30,14,0.4,3,Inverse_Vol,False,537.49,105.24,-48.78,1.41,2.16,33.0,231,63749.01
50,14,0.4,3,Hysteresis_Rank,True,686.71,122.7,-62.86,1.4,1.95,32.6,144,78670.7
30,14,0.65,3,Equal_Weight,False,462.41,95.49,-56.96,1.4,1.68,26.8,178,56241.47
30,14,0.4,3,Equal_Weight,True,556.81,107.63,-53.52,1.38,2.01,33.0,231,65681.12
30,14,0.5,3,Equal_Weight,True,518.5,102.84,-58.91,1.38,1.75,30.8,206,61850.29
30,14,0.4,3,Equal_Weight,False,504.38,101.03,-47.04,1.37,2.15,33.0,231,60437.95
30,14,0.4,5,Inverse_Vol,False,384.22,84.46,-48.57,1.37,1.74,33.0,275,48421.52
30,14,0.65,3,Inverse_Vol,True,458.12,94.91,-63.06,1.37,1.51,26.8,178,55811.81
30,14,0.65,5,Equal_Weight,False,340.37,77.79,-54.04,1.37,1.44,26.8,213,44037.25
30,14,0.5,5,Equal_Weight,False,369.66,82.29,-49.64,1.36,1.66,30.8,249,46966.25
30,14,0.65,5,Inverse_Vol,True,327.99,75.83,-58.83,1.35,1.29,26.8,213,42798.87
30,14,0.5,5,Inverse_Vol,True,353.2,79.78,-53.42,1.34,1.49,30.8,249,45320.4
30,14,0.65,1,Equal_Weight,False,700.49,124.2,-43.9,1.33,2.83,26.8,117,80049.15
30,14,0.65,1,Inverse_Vol,False,700.49,124.2,-43.9,1.33,2.83,26.8,117,80049.15
30,14,0.4,5,Inverse_Vol,True,373.22,82.82,-48.23,1.33,1.72,33.0,275,47321.83
30,14,0.65,3,Equal_Weight,True,428.4,90.82,-63.77,1.33,1.42,26.8,178,52840.45
50,30,0.65,5,Inverse_Vol,False,325.18,75.38,-50.26,1.32,1.5,24.2,157,42517.58
30,14,0.4,5,Equal_Weight,False,357.44,80.43,-49.11,1.31,1.64,33.0,275,45743.56
30,14,0.65,1,Equal_Weight,True,711.66,125.41,-50.17,1.3,2.5,26.8,117,81165.99
30,14,0.65,1,Inverse_Vol,True,711.66,125.41,-50.17,1.3,2.5,26.8,117,81165.99
30,14,0.5,1,Hysteresis_Rank,False,738.81,128.31,-51.96,1.3,2.47,30.8,102,83881.12
50,14,0.65,1,Equal_Weight,False,1027.88,156.12,-78.21,1.3,2.0,26.6,121,112788.18
50,14,0.65,1,Inverse_Vol,False,1027.88,156.12,-78.21,1.3,2.0,26.6,121,112788.18
30,14,0.5,1,Hysteresis_Rank,True,729.97,127.37,-58.64,1.28,2.17,30.8,102,82997.2
30,14,0.4,5,Equal_Weight,True,358.53,80.6,-49.52,1.28,1.63,33.0,275,45853.27
30,14,0.5,5,Equal_Weight,True,333.75,76.74,-56.03,1.28,1.37,30.8,249,43374.55
30,14,0.65,1,Hysteresis_Rank,False,667.67,120.59,-48.12,1.27,2.51,26.8,85,76767.44
30,14,0.5,1,Equal_Weight,True,660.52,119.79,-53.49,1.27,2.24,30.8,139,76051.85
30,14,0.5,1,Inverse_Vol,True,660.52,119.79,-53.49,1.27,2.24,30.8,139,76051.85
30,14,0.5,1,Equal_Weight,False,591.09,111.77,-46.46,1.26,2.41,30.8,139,69108.85
30,14,0.5,1,Inverse_Vol,False,591.09,111.77,-46.46,1.26,2.41,30.8,139,69108.85
30,14,0.65,5,Equal_Weight,True,290.98,69.76,-60.61,1.25,1.15,26.8,213,39097.73
50,14,0.5,1,Equal_Weight,False,837.31,138.36,-77.13,1.24,1.79,30.1,132,93730.93
50,14,0.5,1,Inverse_Vol,False,837.31,138.36,-77.13,1.24,1.79,30.1,132,93730.93
30,14,0.65,1,Hysteresis_Rank,True,579.54,110.39,-55.4,1.21,1.99,26.8,85,67954.4
20,14,0.65,1,Hysteresis_Rank,False,452.09,94.09,-50.93,1.2,1.85,28.2,93,55208.87
50,30,0.5,5,Inverse_Vol,False,278.75,67.68,-51.33,1.2,1.32,30.7,202,37875.42
30,14,0.65,5,Hysteresis_Rank,False,224.11,57.84,-52.4,1.2,1.1,26.8,149,32411.27
50,30,0.65,5,Inverse_Vol,True,260.4,64.48,-55.2,1.19,1.17,24.2,157,36039.68
30,14,0.4,1,Hysteresis_Rank,True,560.72,108.11,-62.77,1.18,1.72,33.0,121,66072.46
50,14,0.65,1,Equal_Weight,True,704.71,124.66,-83.77,1.18,1.49,26.6,121,80471.16
50,14,0.65,1,Inverse_Vol,True,704.71,124.66,-83.77,1.18,1.49,26.6,121,80471.16
30,14,0.4,1,Equal_Weight,True,517.17,102.67,-59.87,1.17,1.71,33.0,159,61716.86
30,14,0.4,1,Inverse_Vol,True,517.17,102.67,-59.87,1.17,1.71,33.0,159,61716.86
50,30,0.4,5,Inverse_Vol,False,276.56,67.31,-48.04,1.16,1.4,34.5,223,37655.79
30,14,0.4,1,Hysteresis_Rank,False,491.78,99.4,-59.59,1.15,1.67,33.0,121,59178.1
20,14,0.5,1,Hysteresis_Rank,False,402.79,87.17,-56.57,1.14,1.54,31.8,113,50279.37
50,14,0.5,1,Equal_Weight,True,607.34,113.69,-82.88,1.14,1.37,30.1,132,70734.33
50,14,0.5,1,Inverse_Vol,True,607.34,113.69,-82.88,1.14,1.37,30.1,132,70734.33
50,30,0.65,3,Inverse_Vol,False,292.62,70.04,-53.66,1.14,1.31,24.2,141,39262.15
50,14,0.4,1,Equal_Weight,False,556.0,107.53,-78.96,1.13,1.36,32.6,146,65600.27
50,14,0.4,1,Inverse_Vol,False,556.0,107.53,-78.96,1.13,1.36,32.6,146,65600.27
30,14,0.4,1,Equal_Weight,False,403.48,87.27,-58.04,1.11,1.5,33.0,159,50347.65
30,14,0.4,1,Inverse_Vol,False,403.48,87.27,-58.04,1.11,1.5,33.0,159,50347.65
30,14,0.5,5,Hysteresis_Rank,False,211.82,55.49,-48.58,1.11,1.14,30.8,172,31182.45
20,14,0.65,1,Hysteresis_Rank,True,355.73,80.17,-59.07,1.1,1.36,28.2,93,45573.15
30,14,0.65,5,Hysteresis_Rank,True,199.35,53.05,-58.99,1.1,0.9,26.8,149,29935.4
30,14,0.4,5,Hysteresis_Rank,True,226.17,58.23,-48.41,1.09,1.2,33.0,197,32616.58
30,14,0.4,5,Hysteresis_Rank,False,213.4,55.8,-48.62,1.09,1.15,33.0,197,31339.8
20,14,0.5,1,Hysteresis_Rank,True,338.63,77.51,-62.21,1.07,1.25,31.8,113,43863.39
50,30,0.5,5,Inverse_Vol,True,213.84,55.88,-56.83,1.06,0.98,30.7,202,31384.38
50,30,0.65,3,Hysteresis_Rank,False,243.72,61.48,-44.35,1.05,1.39,24.2,87,34372.31
50,30,0.65,5,Equal_Weight,False,202.44,53.66,-54.34,1.05,0.99,24.2,157,30244.14
30,14,0.5,5,Hysteresis_Rank,True,197.95,52.77,-55.14,1.05,0.96,30.8,172,29794.54
50,30,0.65,3,Inverse_Vol,True,245.03,61.72,-59.25,1.04,1.04,24.2,141,34502.82
50,14,0.4,1,Equal_Weight,True,372.04,82.64,-84.51,1.03,0.98,32.6,146,47204.43
50,14,0.4,1,Inverse_Vol,True,372.04,82.64,-84.51,1.03,0.98,32.6,146,47204.43
50,30,0.4,3,Inverse_Vol,False,240.02,60.81,-54.66,1.01,1.11,34.5,204,34002.33
50,30,0.5,3,Inverse_Vol,False,221.68,57.38,-56.56,0.99,1.01,30.7,179,32167.63
50,30,0.65,3,Hysteresis_Rank,True,214.23,55.96,-49.16,0.98,1.14,24.2,87,31422.99
50,30,0.4,5,Inverse_Vol,True,180.8,49.3,-54.09,0.96,0.91,34.5,223,28080.04
50,30,0.65,3,Equal_Weight,False,200.01,53.18,-54.81,0.95,0.97,24.2,141,30001.39
50,30,0.5,5,Equal_Weight,False,173.54,47.78,-55.74,0.95,0.86,30.7,202,27353.7
20,14,0.5,3,Hysteresis_Rank,False,158.55,44.59,-45.47,0.94,0.98,31.8,156,25854.61
30,30,0.65,5,Inverse_Vol,False,148.5,42.38,-44.93,0.93,0.94,26.5,173,24849.55
50,14,0.65,1,Hysteresis_Rank,False,234.99,59.88,-77.3,0.93,0.77,26.6,95,33498.58
50,30,0.4,5,Equal_Weight,False,162.89,45.53,-56.02,0.91,0.81,34.5,223,26289.44
50,30,0.5,3,Inverse_Vol,True,185.68,50.3,-62.44,0.91,0.81,30.7,179,28567.7
50,30,0.65,5,Equal_Weight,True,151.61,43.07,-59.53,0.91,0.72,24.2,157,25161.03
20,14,0.65,5,Inverse_Vol,False,122.6,36.42,-53.24,0.9,0.68,28.2,233,22260.13
20,14,0.5,5,Inverse_Vol,False,123.68,36.68,-48.59,0.89,0.75,31.8,267,22368.07
30,30,0.65,3,Inverse_Vol,False,148.04,42.28,-56.62,0.88,0.75,26.5,133,24804.4
20,14,0.4,1,Hysteresis_Rank,False,180.32,49.2,-70.08,0.87,0.7,35.5,132,28031.68
50,30,0.4,3,Inverse_Vol,True,166.12,46.22,-61.83,0.86,0.75,34.5,204,26611.83
50,30,0.65,3,Equal_Weight,True,157.38,44.33,-60.44,0.86,0.73,24.2,141,25738.02
50,14,0.5,1,Hysteresis_Rank,False,177.12,48.53,-79.47,0.86,0.61,30.1,105,27711.5
20,14,0.5,3,Hysteresis_Rank,True,130.27,38.23,-46.54,0.85,0.82,31.8,156,23027.15
20,14,0.4,1,Hysteresis_Rank,True,154.88,43.79,-74.71,0.83,0.59,35.5,132,25487.78
50,30,0.5,3,Hysteresis_Rank,False,138.74,40.18,-50.13,0.82,0.8,30.7,110,23873.78
30,30,0.65,5,Inverse_Vol,True,112.68,34.03,-50.23,0.81,0.68,26.5,173,21267.58
20,14,0.65,3,Hysteresis_Rank,False,109.92,33.35,-56.39,0.81,0.59,28.2,131,20992.11
50,30,0.5,5,Equal_Weight,True,122.25,36.34,-61.34,0.81,0.59,30.7,202,22224.89
50,30,0.5,3,Equal_Weight,False,131.23,38.45,-58.46,0.8,0.66,30.7,179,23122.97
30,30,0.65,3,Inverse_Vol,True,120.19,35.85,-62.04,0.8,0.58,26.5,133,22018.83
20,14,0.5,3,Inverse_Vol,False,108.42,32.98,-51.98,0.79,0.63,31.8,228,20842.36
30,30,0.65,5,Equal_Weight,False,106.13,32.42,-45.85,0.78,0.71,26.5,173,20613.45
50,30,0.4,3,Equal_Weight,False,125.95,37.22,-59.92,0.78,0.62,34.5,204,22595.22
20,30,0.4,1,Hysteresis_Rank,False,132.13,38.66,-67.05,0.78,0.58,40.8,90,23212.79
20,14,0.65,3,Inverse_Vol,False,102.33,31.46,-57.37,0.78,0.55,28.2,195,20233.31
50,14,0.65,1,Hysteresis_Rank,True,124.79,36.94,-82.06,0.78,0.45,26.6,95,22479.21
20,14,0.65,5,Inverse_Vol,True,89.87,28.26,-59.76,0.76,0.47,28.2,233,18986.88
50,30,0.65,5,Hysteresis_Rank,False,95.37,29.69,-45.22,0.75,0.66,24.2,102,19536.9
20,14,0.65,1,Equal_Weight,False,115.01,34.6,-53.01,0.75,0.65,28.2,123,21500.6
20,14,0.65,1,Inverse_Vol,False,115.01,34.6,-53.01,0.75,0.65,28.2,123,21500.6
20,14,0.5,5,Inverse_Vol,True,90.5,28.42,-54.78,0.75,0.52,31.8,267,19049.93
30,30,0.65,3,Hysteresis_Rank,False,99.91,30.85,-45.49,0.74,0.68,26.5,80,19990.88
20,14,0.5,1,Equal_Weight,False,109.11,33.15,-54.39,0.74,0.61,31.8,147,20911.22
20,14,0.5,1,Inverse_Vol,False,109.11,33.15,-54.39,0.74,0.61,31.8,147,20911.22
50,30,0.5,3,Hysteresis_Rank,True,108.93,33.11,-56.46,0.74,0.59,30.7,110,20893.19
20,14,0.5,1,Equal_Weight,True,108.91,33.1,-58.48,0.74,0.57,31.8,147,20890.54
20,14,0.5,1,Inverse_Vol,True,108.91,33.1,-58.48,0.74,0.57,31.8,147,20890.54
20,14,0.65,1,Equal_Weight,True,109.06,33.14,-59.97,0.74,0.55,28.2,123,20905.66
20,14,0.65,1,Inverse_Vol,True,109.06,33.14,-59.97,0.74,0.55,28.2,123,20905.66
50,30,0.4,3,Hysteresis_Rank,False,108.48,33.0,-61.3,0.74,0.54,34.5,121,20847.61
30,30,0.65,3,Equal_Weight,False,97.97,30.35,-54.14,0.73,0.56,26.5,133,19796.58
50,30,0.4,5,Hysteresis_Rank,False,96.9,30.08,-55.95,0.73,0.54,34.5,143,19689.84
50,14,0.5,1,Hysteresis_Rank,True,95.09,29.62,-84.15,0.73,0.35,30.1,105,19509.4
20,14,0.4,3,Hysteresis_Rank,False,93.46,29.19,-52.07,0.72,0.56,35.5,176,19346.35
20,30,0.65,5,Inverse_Vol,False,80.98,25.89,-40.88,0.71,0.63,28.9,203,18097.66
20,14,0.5,5,Equal_Weight,False,81.57,26.05,-49.87,0.71,0.52,31.8,267,18156.9
20,14,0.5,5,Hysteresis_Rank,False,79.63,25.53,-48.72,0.71,0.52,31.8,177,17963.25
50,30,0.5,3,Equal_Weight,True,98.39,30.46,-64.26,0.71,0.47,30.7,179,19838.94
50,30,0.4,5,Equal_Weight,True,90.65,28.46,-62.37,0.71,0.46,34.5,223,19064.51
50,14,0.4,1,Hysteresis_Rank,False,84.35,26.8,-81.11,0.71,0.33,32.6,119,18435.33
20,14,0.65,5,Hysteresis_Rank,False,74.47,24.12,-53.69,0.7,0.45,28.2,156,17447.14
20,14,0.65,3,Hysteresis_Rank,True,81.93,26.15,-63.14,0.7,0.41,28.2,131,18192.68
20,30,0.4,1,Hysteresis_Rank,True,84.0,26.7,-73.93,0.7,0.36,40.8,90,18400.32
30,30,0.65,5,Hysteresis_Rank,False,79.3,25.44,-44.91,0.69,0.57,26.5,104,17929.53
30,30,0.65,3,Hysteresis_Rank,True,86.49,27.37,-51.01,0.69,0.54,26.5,80,18649.35
20,14,0.4,3,Hysteresis_Rank,True,83.47,26.56,-50.07,0.69,0.53,35.5,176,18346.8
30,30,0.65,5,Equal_Weight,True,82.72,26.36,-51.18,0.69,0.52,26.5,173,18271.86
20,14,0.65,5,Equal_Weight,False,72.58,23.59,-56.05,0.68,0.42,28.2,233,17257.87
20,14,0.5,3,Inverse_Vol,True,75.56,24.42,-55.94,0.67,0.44,31.8,228,17556.44
30,30,0.5,5,Inverse_Vol,False,76.33,24.63,-55.89,0.67,0.44,32.9,227,17632.86
30,30,0.65,3,Equal_Weight,True,80.78,25.84,-59.66,0.67,0.43,26.5,133,18078.17
20,30,0.4,1,Equal_Weight,False,66.72,21.95,-67.89,0.66,0.32,40.8,120,16672.36
20,30,0.4,1,Inverse_Vol,False,66.72,21.95,-67.89,0.66,0.32,40.8,120,16672.36
20,14,0.5,3,Equal_Weight,False,70.6,23.04,-52.62,0.65,0.44,31.8,228,17060.11
50,30,0.65,1,Equal_Weight,False,68.31,22.4,-73.66,0.65,0.3,24.2,90,16830.93
50,30,0.65,1,Inverse_Vol,False,68.31,22.4,-73.66,0.65,0.3,24.2,90,16830.93
20,14,0.65,3,Equal_Weight,False,68.07,22.33,-59.42,0.64,0.38,28.2,195,16807.17
20,14,0.65,3,Inverse_Vol,True,66.88,21.99,-64.04,0.64,0.34,28.2,195,16687.73
50,30,0.4,3,Equal_Weight,True,70.51,23.01,-67.16,0.64,0.34,34.5,204,17050.91
30,30,0.65,5,Hysteresis_Rank,True,66.05,21.75,-50.16,0.63,0.43,26.5,104,16605.04
50,30,0.5,5,Hysteresis_Rank,False,66.03,21.75,-56.32,0.62,0.39,30.7,134,16603.22
30,30,0.5,3,Inverse_Vol,False,62.92,20.86,-64.66,0.61,0.32,32.9,181,16291.86
20,14,0.4,5,Inverse_Vol,False,57.1,19.16,-51.28,0.6,0.37,35.5,300,15710.11
20,14,0.5,5,Hysteresis_Rank,True,56.46,18.98,-55.21,0.6,0.34,31.8,177,15646.17
50,30,0.65,5,Hysteresis_Rank,True,57.51,19.28,-50.3,0.59,0.38,24.2,102,15750.67
20,14,0.5,5,Equal_Weight,True,54.23,18.31,-56.13,0.59,0.33,31.8,267,15423.11
50,30,0.4,3,Hysteresis_Rank,True,55.84,18.79,-68.47,0.59,0.27,34.5,121,15583.6
20,30,0.4,1,Equal_Weight,True,36.63,12.88,-71.27,0.59,0.18,40.8,120,13662.83
20,30,0.4,1,Inverse_Vol,True,36.63,12.88,-71.27,0.59,0.18,40.8,120,13662.83
50,14,0.4,1,Hysteresis_Rank,True,24.91,9.02,-85.66,0.58,0.11,32.6,119,12490.56
30,60,0.65,5,Inverse_Vol,False,53.09,18.18,-51.64,0.57,0.35,29.9,132,15309.2
50,60,0.5,5,Inverse_Vol,False,51.9,17.82,-54.14,0.57,0.33,33.2,158,15190.47
20,14,0.4,3,Inverse_Vol,False,52.98,17.94,-59.42,0.57,0.3,35.5,257,15298.43
20,30,0.65,1,Hysteresis_Rank,False,48.25,16.51,-55.6,0.57,0.3,28.9,79,14825.0
20,14,0.65,5,Hysteresis_Rank,True,50.67,17.25,-60.35,0.57,0.29,28.2,156,15066.78
30,30,0.4,3,Inverse_Vol,False,52.46,17.79,-67.41,0.57,0.26,37.8,198,15246.09
20,14,0.65,5,Equal_Weight,True,46.25,15.9,-62.63,0.55,0.25,28.2,233,14625.37
20,30,0.5,1,Hysteresis_Rank,False,35.28,12.44,-66.03,0.55,0.19,36.1,97,13527.77
50,30,0.4,1,Hysteresis_Rank,False,26.13,9.43,-79.5,0.54,0.12,34.5,89,12612.86
50,30,0.65,1,Equal_Weight,True,21.31,7.79,-78.28,0.54,0.1,24.2,90,12130.89
50,30,0.65,1,Inverse_Vol,True,21.31,7.79,-78.28,0.54,0.1,24.2,90,12130.89
20,14,0.4,5,Inverse_Vol,True,43.24,14.97,-54.73,0.53,0.27,35.5,300,14323.61
30,30,0.5,5,Equal_Weight,False,43.53,15.06,-57.9,0.53,0.26,32.9,227,14353.49
20,14,0.5,3,Equal_Weight,True,42.57,14.76,-58.16,0.53,0.25,31.8,228,14257.14
50,30,0.4,5,Hysteresis_Rank,True,43.03,14.9,-62.82,0.53,0.24,34.5,143,14302.65
20,30,0.65,3,Hysteresis_Rank,False,43.48,15.04,-46.62,0.52,0.32,28.9,105,14347.79
20,30,0.65,5,Inverse_Vol,True,42.23,14.65,-45.59,0.52,0.32,28.9,203,14222.87
20,60,0.4,1,Hysteresis_Rank,False,26.12,9.53,-75.46,0.52,0.13,43.6,70,12611.98
20,14,0.4,1,Equal_Weight,True,19.83,7.27,-72.08,0.52,0.1,35.5,165,11982.55
20,14,0.4,1,Inverse_Vol,True,19.83,7.27,-72.08,0.52,0.1,35.5,165,11982.55
20,14,0.4,3,Inverse_Vol,True,38.78,13.57,-58.32,0.51,0.23,35.5,257,13878.22
30,30,0.4,5,Inverse_Vol,False,40.41,14.08,-61.62,0.51,0.23,37.8,255,14041.23
20,14,0.65,3,Equal_Weight,True,38.6,13.51,-66.11,0.51,0.2,28.2,195,13859.99
30,30,0.4,3,Hysteresis_Rank,False,36.86,12.95,-57.19,0.5,0.23,37.8,112,13686.49
50,60,0.65,5,Inverse_Vol,False,35.81,12.76,-48.99,0.49,0.26,25.9,128,13580.83
50,60,0.4,5,Inverse_Vol,False,33.68,12.06,-54.42,0.49,0.22,37.5,184,13368.24
30,30,0.5,5,Inverse_Vol,True,36.94,12.98,-61.81,0.49,0.21,32.9,227,13693.98
30,60,0.65,5,Inverse_Vol,True,32.97,11.83,-57.6,0.48,0.21,29.9,132,13297.24
30,30,0.5,3,Equal_Weight,False,31.1,11.08,-65.46,0.48,0.17,32.9,181,13110.07
20,14,0.4,1,Equal_Weight,False,14.4,5.36,-67.99,0.48,0.08,35.5,165,11439.97
20,14,0.4,1,Inverse_Vol,False,14.4,5.36,-67.99,0.48,0.08,35.5,165,11439.97
30,30,0.5,3,Hysteresis_Rank,False,28.48,10.22,-58.19,0.46,0.18,32.9,111,12848.49
50,30,0.5,5,Hysteresis_Rank,True,29.8,10.65,-62.36,0.46,0.17,30.7,134,12979.9
50,60,0.5,5,Inverse_Vol,True,27.59,10.03,-60.8,0.46,0.16,33.2,158,12759.07
20,30,0.65,1,Hysteresis_Rank,True,14.93,5.55,-62.47,0.46,0.09,28.9,79,11492.61
20,14,0.4,3,Equal_Weight,False,25.96,9.37,-57.91,0.45,0.16,35.5,257,12595.94
30,30,0.65,1,Equal_Weight,True,2.49,0.96,-68.41,0.45,0.01,26.5,87,10248.76
30,30,0.65,1,Inverse_Vol,True,2.49,0.96,-68.41,0.45,0.01,26.5,87,10248.76
20,30,0.65,5,Hysteresis_Rank,False,27.98,10.05,-42.49,0.44,0.24,28.9,120,12798.22
20,14,0.4,5,Equal_Weight,False,25.83,9.33,-53.75,0.44,0.17,35.5,300,12582.99
30,30,0.4,3,Equal_Weight,False,21.62,7.89,-68.05,0.44,0.12,37.8,198,12162.18
50,30,0.4,1,Equal_Weight,False,-11.72,-4.72,-85.72,0.44,0.06,34.5,117,8828.43
50,30,0.4,1,Inverse_Vol,False,-11.72,-4.72,-85.72,0.44,0.06,34.5,117,8828.43
50,60,0.5,5,Equal_Weight,False,22.7,8.36,-58.64,0.43,0.14,33.2,158,12270.04
30,30,0.65,1,Equal_Weight,False,1.71,0.66,-68.27,0.43,0.01,26.5,87,10170.82
30,30,0.65,1,Inverse_Vol,False,1.71,0.66,-68.27,0.43,0.01,26.5,87,10170.82
30,30,0.5,3,Inverse_Vol,True,18.76,6.9,-70.65,0.42,0.1,32.9,181,11875.64
20,30,0.5,1,Equal_Weight,False,-1.67,-0.65,-68.96,0.42,0.01,36.1,119,9832.99
20,30,0.5,1,Inverse_Vol,False,-1.67,-0.65,-68.96,0.42,0.01,36.1,119,9832.99
30,30,0.5,5,Hysteresis_Rank,False,22.04,8.04,-57.09,0.41,0.14,32.9,139,12203.51
20,30,0.4,3,Hysteresis_Rank,False,16.75,6.2,-57.56,0.41,0.11,40.8,129,11675.18
20,30,0.5,1,Hysteresis_Rank,True,-4.39,-1.73,-72.85,0.41,0.02,36.1,97,9561.24
20,30,0.65,3,Inverse_Vol,False,20.31,7.44,-48.49,0.4,0.15,28.9,157,12030.99
30,30,0.4,5,Equal_Weight,False,18.33,6.75,-62.64,0.4,0.11,37.8,255,11833.23
30,60,0.4,5,Inverse_Vol,False,13.73,5.18,-58.88,0.4,0.09,40.8,179,11372.52
50,60,0.4,5,Inverse_Vol,True,14.81,5.57,-60.58,0.4,0.09,37.5,184,11481.41
20,30,0.65,3,Hysteresis_Rank,True,16.75,6.2,-52.09,0.39,0.12,28.9,105,11675.23
30,60,0.4,1,Equal_Weight,False,-16.51,-6.83,-76.13,0.39,0.09,40.8,87,8348.88
30,60,0.4,1,Inverse_Vol,False,-16.51,-6.83,-76.13,0.39,0.09,40.8,87,8348.88
50,30,0.4,1,Hysteresis_Rank,True,-16.54,-6.78,-84.04,0.39,0.08,34.5,89,8346.09
30,30,0.4,3,Inverse_Vol,True,10.73,4.04,-72.86,0.39,0.06,37.8,198,11073.39
50,60,0.5,3,Inverse_Vol,False,11.0,4.18,-64.61,0.39,0.06,33.2,147,11099.8
20,30,0.65,1,Equal_Weight,False,-4.08,-1.6,-59.8,0.39,0.03,28.9,100,9592.41
20,30,0.65,1,Inverse_Vol,False,-4.08,-1.6,-59.8,0.39,0.03,28.9,100,9592.41
20,30,0.65,5,Equal_Weight,False,19.17,7.05,-47.42,0.38,0.15,28.9,203,11917.39
50,60,0.65,5,Inverse_Vol,True,15.74,5.9,-53.95,0.38,0.11,25.9,128,11573.76
20,14,0.4,5,Equal_Weight,True,14.72,5.47,-55.61,0.38,0.1,35.5,300,11471.51
20,14,0.4,5,Hysteresis_Rank,False,15.25,5.66,-55.45,0.38,0.1,35.5,199,11524.55
20,14,0.4,3,Equal_Weight,True,11.72,4.4,-59.02,0.38,0.07,35.5,257,11171.9
30,60,0.65,5,Equal_Weight,False,13.48,5.09,-57.21,0.37,0.09,29.9,132,11348.03
30,30,0.5,5,Equal_Weight,True,12.84,4.8,-63.85,0.37,0.08,32.9,227,11283.56
20,60,0.4,3,Inverse_Vol,False,5.53,2.13,-59.66,0.37,0.04,43.6,162,10552.76
30,30,0.4,3,Hysteresis_Rank,True,5.21,1.99,-64.05,0.36,0.03,37.8,112,10520.93
30,30,0.4,1,Equal_Weight,False,-24.91,-10.52,-82.05,0.35,0.13,37.8,118,7509.43
30,30,0.4,1,Inverse_Vol,False,-24.91,-10.52,-82.05,0.35,0.13,37.8,118,7509.43
20,30,0.4,5,Inverse_Vol,False,11.15,4.19,-55.51,0.35,0.08,40.8,280,11114.95
50,60,0.65,5,Equal_Weight,False,10.36,3.94,-58.47,0.35,0.07,25.9,128,11035.68
30,60,0.4,1,Equal_Weight,True,-33.0,-14.54,-80.76,0.34,0.18,40.8,87,6700.04
30,60,0.4,1,Inverse_Vol,True,-33.0,-14.54,-80.76,0.34,0.18,40.8,87,6700.04
30,30,0.5,1,Equal_Weight,False,-24.86,-10.5,-78.19,0.34,0.13,32.9,117,7514.38
30,30,0.5,1,Inverse_Vol,False,-24.86,-10.5,-78.19,0.34,0.13,32.9,117,7514.38
20,60,0.4,1,Hysteresis_Rank,True,-20.44,-8.58,-82.41,0.34,0.1,43.6,70,7955.87
20,14,0.4,5,Hysteresis_Rank,True,8.19,3.1,-55.93,0.34,0.06,35.5,199,10819.26
50,60,0.4,3,Inverse_Vol,False,0.14,0.06,-63.92,0.34,0.0,37.5,173,10014.37
20,60,0.4,1,Equal_Weight,False,-29.22,-12.68,-72.42,0.33,0.18,43.6,97,7077.67
20,60,0.4,1,Inverse_Vol,False,-29.22,-12.68,-72.42,0.33,0.18,43.6,97,7077.67
20,30,0.5,5,Inverse_Vol,False,10.5,3.95,-53.37,0.33,0.07,36.1,258,11049.52
30,30,0.4,5,Inverse_Vol,True,5.97,2.28,-68.9,0.33,0.03,37.8,255,10596.88
30,60,0.65,1,Equal_Weight,False,-20.64,-8.67,-73.65,0.32,0.12,29.9,58,7936.49
30,60,0.65,1,Inverse_Vol,False,-20.64,-8.67,-73.65,0.32,0.12,29.9,58,7936.49
30,30,0.5,3,Equal_Weight,True,-1.54,-0.6,-71.59,0.32,0.01,32.9,181,9845.88
50,60,0.5,5,Equal_Weight,True,1.03,0.4,-65.3,0.32,0.01,33.2,158,10102.84
50,60,0.4,5,Equal_Weight,False,0.34,0.13,-61.37,0.32,0.0,37.5,184,10033.78
20,30,0.5,1,Equal_Weight,True,-27.02,-11.51,-72.27,0.31,0.16,36.1,119,7298.19
20,30,0.5,1,Inverse_Vol,True,-27.02,-11.51,-72.27,0.31,0.16,36.1,119,7298.19
30,30,0.5,3,Hysteresis_Rank,True,-1.43,-0.56,-64.87,0.31,0.01,32.9,111,9856.95
20,60,0.65,3,Inverse_Vol,False,0.35,0.14,-60.07,0.31,0.0,33.1,126,10035.17
20,30,0.65,1,Equal_Weight,True,-23.3,-9.78,-62.54,0.3,0.16,28.9,100,7670.13
20,30,0.65,1,Inverse_Vol,True,-23.3,-9.78,-62.54,0.3,0.16,28.9,100,7670.13
30,60,0.4,5,Inverse_Vol,True,-6.2,-2.48,-66.01,0.3,0.04,40.8,179,9380.08
30,30,0.4,3,Equal_Weight,True,-9.72,-3.89,-73.62,0.29,0.05,37.8,198,9028.13
30,30,0.4,5,Hysteresis_Rank,False,1.31,0.51,-56.12,0.29,0.01,37.8,148,10130.63
30,60,0.65,5,Equal_Weight,True,-1.84,-0.72,-63.5,0.29,0.01,29.9,132,9816.49
50,30,0.5,1,Hysteresis_Rank,False,-27.02,-11.51,-67.74,0.28,0.17,30.7,85,7298.29
30,60,0.65,3,Hysteresis_Rank,False,-6.22,-2.49,-61.02,0.28,0.04,29.9,63,9378.46
20,30,0.65,5,Hysteresis_Rank,True,4.29,1.64,-47.71,0.28,0.03,28.9,120,10428.52
50,60,0.65,3,Hysteresis_Rank,False,-4.34,-1.73,-56.45,0.28,0.03,25.9,64,9566.11
30,30,0.5,5,Hysteresis_Rank,True,-1.26,-0.49,-63.22,0.28,0.01,32.9,139,9873.52
50,60,0.65,3,Inverse_Vol,False,-1.86,-0.73,-60.16,0.28,0.01,25.9,115,9813.81
20,60,0.4,1,Equal_Weight,True,-45.9,-21.41,-76.61,0.27,0.28,43.6,97,5410.41
20,60,0.4,1,Inverse_Vol,True,-45.9,-21.41,-76.61,0.27,0.28,43.6,97,5410.41
30,60,0.65,1,Equal_Weight,True,-32.77,-14.43,-78.04,0.27,0.18,29.9,58,6722.62
30,60,0.65,1,Inverse_Vol,True,-32.77,-14.43,-78.04,0.27,0.18,29.9,58,6722.62
20,60,0.4,3,Inverse_Vol,True,-16.13,-6.67,-66.98,0.27,0.1,43.6,162,8386.77
20,30,0.4,3,Hysteresis_Rank,True,-9.65,-3.86,-62.2,0.27,0.06,40.8,129,9034.69
50,30,0.5,1,Equal_Weight,False,-42.12,-19.13,-85.47,0.26,0.22,30.7,110,5787.56
50,30,0.5,1,Inverse_Vol,False,-42.12,-19.13,-85.47,0.26,0.22,30.7,110,5787.56
50,60,0.5,3,Inverse_Vol,True,-12.8,-5.23,-70.9,0.26,0.07,33.2,147,8719.95
30,30,0.4,1,Equal_Weight,True,-47.44,-22.09,-88.7,0.25,0.25,37.8,118,5256.43
30,30,0.4,1,Inverse_Vol,True,-47.44,-22.09,-88.7,0.25,0.25,37.8,118,5256.43
30,60,0.5,5,Inverse_Vol,False,-8.59,-3.46,-64.67,0.25,0.05,36.3,156,9140.54
50,60,0.4,3,Inverse_Vol,True,-19.21,-8.03,-69.87,0.24,0.11,37.5,173,8079.05
20,30,0.65,3,Equal_Weight,False,-6.49,-2.57,-53.15,0.24,0.05,28.9,157,9351.29
30,30,0.4,5,Equal_Weight,True,-9.61,-3.85,-72.54,0.24,0.05,37.8,255,9039.13
50,60,0.65,5,Equal_Weight,True,-7.48,-3.01,-63.37,0.24,0.05,25.9,128,9251.55
20,30,0.4,5,Hysteresis_Rank,False,-4.84,-1.91,-54.66,0.24,0.03,40.8,153,9515.93
50,30,0.4,1,Equal_Weight,True,-53.21,-25.53,-89.81,0.23,0.28,34.5,117,4678.81
50,30,0.4,1,Inverse_Vol,True,-53.21,-25.53,-89.81,0.23,0.28,34.5,117,4678.81
30,30,0.5,1,Equal_Weight,True,-46.64,-21.64,-84.95,0.23,0.25,32.9,117,5335.75
30,30,0.5,1,Inverse_Vol,True,-46.64,-21.64,-84.95,0.23,0.25,32.9,117,5335.75
30,30,0.5,1,Hysteresis_Rank,False,-36.62,-16.22,-71.08,0.23,0.23,32.9,93,6338.17
30,60,0.4,3,Hysteresis_Rank,False,-19.09,-7.97,-66.8,0.23,0.12,40.8,87,8091.02
50,60,0.4,5,Equal_Weight,True,-16.95,-7.03,-68.12,0.23,0.1,37.5,184,8305.18
50,60,0.5,3,Equal_Weight,False,-16.04,-6.63,-65.38,0.23,0.1,33.2,147,8396.04
50,60,0.4,1,Equal_Weight,False,-45.14,-20.98,-82.74,0.22,0.25,37.5,94,5486.4
50,60,0.4,1,Inverse_Vol,False,-45.14,-20.98,-82.74,0.22,0.25,37.5,94,5486.4
50,60,0.5,1,Equal_Weight,False,-41.4,-18.92,-83.58,0.22,0.23,33.2,76,5859.66
50,60,0.5,1,Inverse_Vol,False,-41.4,-18.92,-83.58,0.22,0.23,33.2,76,5859.66
50,30,0.65,1,Hysteresis_Rank,False,-29.1,-12.5,-76.12,0.22,0.16,24.2,75,7089.85
20,60,0.65,5,Inverse_Vol,False,-7.82,-3.14,-53.05,0.22,0.06,33.1,147,9218.21
20,60,0.4,3,Equal_Weight,False,-22.95,-9.72,-63.43,0.21,0.15,43.6,162,7704.92
20,60,0.65,3,Inverse_Vol,True,-17.05,-7.07,-66.18,0.21,0.11,33.1,126,8294.67
50,30,0.5,1,Hysteresis_Rank,True,-43.83,-20.06,-72.34,0.2,0.28,30.7,85,5616.86
30,60,0.4,5,Equal_Weight,False,-20.73,-8.71,-65.1,0.2,0.13,40.8,179,7926.84
20,60,0.65,3,Hysteresis_Rank,False,-15.71,-6.49,-61.81,0.2,0.1,33.1,74,8428.98
20,30,0.65,3,Inverse_Vol,True,-9.49,-3.8,-53.73,0.2,0.07,28.9,157,9050.94
50,60,0.65,5,Hysteresis_Rank,False,-10.58,-4.29,-58.77,0.2,0.07,25.9,71,8941.62
30,60,0.4,3,Inverse_Vol,False,-24.93,-10.64,-65.74,0.19,0.16,40.8,164,7507.37
20,30,0.5,3,Hysteresis_Rank,False,-13.81,-5.6,-61.08,0.19,0.09,36.1,133,8619.29
20,60,0.5,1,Hysteresis_Rank,False,-35.09,-15.59,-78.61,0.18,0.2,39.8,65,6491.31
20,60,0.4,3,Hysteresis_Rank,False,-25.41,-10.86,-64.45,0.18,0.17,43.6,99,7459.47
50,60,0.4,3,Equal_Weight,False,-25.38,-10.85,-64.8,0.18,0.17,37.5,173,7461.97
50,60,0.5,3,Hysteresis_Rank,False,-22.78,-9.65,-65.67,0.18,0.15,33.2,75,7721.62
20,30,0.65,5,Equal_Weight,True,-7.88,-3.14,-50.35,0.18,0.06,28.9,203,9211.6
30,30,0.4,1,Hysteresis_Rank,False,-48.05,-22.45,-78.95,0.17,0.28,37.8,91,5194.52
30,60,0.5,1,Equal_Weight,False,-46.4,-21.7,-81.12,0.17,0.27,36.3,72,5360.41
30,60,0.5,1,Inverse_Vol,False,-46.4,-21.7,-81.12,0.17,0.27,36.3,72,5360.41
30,60,0.65,1,Hysteresis_Rank,False,-39.77,-18.04,-75.91,0.17,0.24,29.9,49,6022.86
30,60,0.65,3,Inverse_Vol,False,-19.68,-8.24,-64.92,0.17,0.13,29.9,123,8031.83
20,60,0.65,5,Inverse_Vol,True,-15.22,-6.27,-55.49,0.17,0.11,33.1,147,8477.95
50,60,0.4,1,Equal_Weight,True,-56.59,-27.92,-86.79,0.16,0.32,37.5,94,4341.04
50,60,0.4,1,Inverse_Vol,True,-56.59,-27.92,-86.79,0.16,0.32,37.5,94,4341.04
30,60,0.65,3,Hysteresis_Rank,True,-24.64,-10.5,-67.68,0.16,0.16,29.9,63,7536.08
50,60,0.65,3,Hysteresis_Rank,True,-22.79,-9.65,-61.62,0.16,0.16,25.9,64,7721.11
50,60,0.65,3,Inverse_Vol,True,-21.02,-8.84,-65.34,0.16,0.14,25.9,115,7897.55
20,60,0.5,3,Inverse_Vol,False,-26.51,-11.38,-70.05,0.15,0.16,39.8,146,7348.62
30,30,0.65,1,Hysteresis_Rank,False,-41.56,-18.82,-67.35,0.14,0.28,26.5,66,5844.24
50,60,0.5,1,Hysteresis_Rank,False,-46.87,-21.97,-78.82,0.14,0.28,33.2,57,5312.79
50,60,0.5,5,Hysteresis_Rank,False,-21.07,-8.86,-60.08,0.14,0.15,33.2,82,7893.45
50,60,0.65,3,Equal_Weight,False,-23.61,-10.03,-67.98,0.14,0.15,25.9,115,7638.81
30,60,0.65,5,Hysteresis_Rank,False,-17.96,-7.47,-59.4,0.14,0.13,29.9,72,8203.64
50,60,0.5,1,Equal_Weight,True,-56.24,-27.69,-87.52,0.13,0.32,33.2,76,4375.68
50,60,0.5,1,Inverse_Vol,True,-56.24,-27.69,-87.52,0.13,0.32,33.2,76,4375.68
30,30,0.65,1,Hysteresis_Rank,True,-46.63,-21.63,-70.22,0.13,0.31,26.5,66,5336.62
50,30,0.65,1,Hysteresis_Rank,True,-43.92,-20.11,-78.67,0.13,0.26,24.2,75,5607.66
50,60,0.65,1,Equal_Weight,False,-46.8,-21.93,-83.02,0.13,0.26,25.9,64,5320.29
50,60,0.65,1,Inverse_Vol,False,-46.8,-21.93,-83.02,0.13,0.26,25.9,64,5320.29
30,60,0.5,5,Inverse_Vol,True,-27.78,-11.99,-71.08,0.13,0.17,36.3,156,7221.94
30,30,0.4,5,Hysteresis_Rank,True,-22.34,-9.35,-63.6,0.13,0.15,37.8,148,7765.72
20,30,0.5,5,Hysteresis_Rank,False,-14.4,-5.85,-53.7,0.13,0.11,36.1,148,8560.49
20,60,0.4,3,Equal_Weight,True,-38.73,-17.48,-68.89,0.12,0.25,43.6,162,6127.46
30,60,0.4,5,Equal_Weight,True,-35.61,-15.86,-72.2,0.12,0.22,40.8,179,6439.3
50,60,0.4,3,Hysteresis_Rank,False,-32.63,-14.35,-67.28,0.12,0.21,37.5,96,6736.94
20,30,0.4,5,Equal_Weight,False,-21.18,-8.82,-60.58,0.12,0.15,40.8,280,7881.95
50,30,0.5,1,Equal_Weight,True,-63.41,-32.31,-89.35,0.11,0.36,30.7,110,3659.23
50,30,0.5,1,Inverse_Vol,True,-63.41,-32.31,-89.35,0.11,0.36,30.7,110,3659.23
30,60,0.4,1,Hysteresis_Rank,False,-55.75,-27.37,-78.69,0.11,0.35,40.8,67,4425.33
30,60,0.4,3,Hysteresis_Rank,True,-38.9,-17.57,-74.28,0.11,0.24,40.8,87,6110.22
20,60,0.65,3,Hysteresis_Rank,True,-29.13,-12.64,-68.24,0.11,0.19,33.1,74,7087.07
30,30,0.5,1,Hysteresis_Rank,True,-55.95,-27.26,-77.83,0.1,0.35,32.9,93,4405.05
50,60,0.65,1,Hysteresis_Rank,False,-44.6,-20.68,-75.71,0.1,0.27,25.9,53,5540.33
50,60,0.5,3,Equal_Weight,True,-35.44,-15.77,-71.82,0.1,0.22,33.2,147,6456.09
20,30,0.4,5,Inverse_Vol,True,-22.84,-9.57,-61.44,0.1,0.16,40.8,280,7716.02
30,60,0.5,1,Equal_Weight,True,-60.0,-30.2,-85.24,0.09,0.35,36.3,72,3999.56
30,60,0.5,1,Inverse_Vol,True,-60.0,-30.2,-85.24,0.09,0.35,36.3,72,3999.56
30,60,0.65,1,Hysteresis_Rank,True,-52.01,-25.03,-80.33,0.09,0.31,29.9,49,4799.12
20,60,0.4,5,Hysteresis_Rank,False,-30.5,-13.3,-62.81,0.09,0.21,43.6,107,6950.45
50,60,0.65,5,Hysteresis_Rank,True,-24.93,-10.64,-64.03,0.09,0.17,25.9,71,7507.34
20,30,0.5,5,Inverse_Vol,True,-19.24,-7.96,-58.12,0.09,0.14,36.1,258,8075.87
50,60,0.4,1,Hysteresis_Rank,False,-57.24,-28.35,-77.97,0.08,0.36,37.5,74,4275.76
20,60,0.4,3,Hysteresis_Rank,True,-42.32,-19.41,-71.03,0.08,0.27,43.6,99,5768.36
50,60,0.4,3,Equal_Weight,True,-41.84,-19.16,-70.98,0.08,0.27,37.5,173,5815.82
30,60,0.4,3,Inverse_Vol,True,-41.5,-18.97,-72.97,0.08,0.26,40.8,164,5849.98
20,60,0.65,3,Equal_Weight,False,-32.66,-14.37,-67.7,0.08,0.21,33.1,126,6734.12
30,60,0.5,5,Equal_Weight,False,-33.93,-15.0,-70.48,0.07,0.21,36.3,156,6607.37
20,60,0.65,1,Hysteresis_Rank,False,-50.89,-24.34,-69.98,0.06,0.35,33.1,54,4911.22
30,60,0.5,3,Hysteresis_Rank,False,-39.02,-17.64,-70.57,0.06,0.25,36.3,75,6097.68
30,60,0.65,3,Inverse_Vol,True,-34.56,-15.33,-71.1,0.06,0.22,29.9,123,6543.83
50,60,0.5,1,Hysteresis_Rank,True,-60.08,-30.25,-83.41,0.05,0.36,33.2,57,3991.72
50,60,0.65,1,Equal_Weight,True,-56.59,-27.92,-86.65,0.05,0.32,25.9,64,4341.04
50,60,0.65,1,Inverse_Vol,True,-56.59,-27.92,-86.65,0.05,0.32,25.9,64,4341.04
20,60,0.4,5,Inverse_Vol,False,-33.86,-14.97,-62.09,0.05,0.24,43.6,202,6613.68
20,30,0.65,3,Equal_Weight,True,-29.42,-12.65,-56.14,0.05,0.23,28.9,157,7058.22
50,60,0.5,5,Hysteresis_Rank,True,-32.82,-14.45,-66.97,0.05,0.22,33.2,82,6717.63
30,30,0.4,1,Hysteresis_Rank,True,-64.91,-33.4,-85.29,0.04,0.39,37.8,91,3509.47
50,60,0.65,1,Hysteresis_Rank,True,-53.12,-25.71,-79.59,0.04,0.32,25.9,53,4687.74
50,60,0.5,3,Hysteresis_Rank,True,-41.78,-19.12,-72.9,0.04,0.26,33.2,75,5821.99
20,30,0.4,3,Inverse_Vol,False,-34.89,-15.34,-67.26,0.04,0.23,40.8,216,6511.17
20,30,0.4,5,Hysteresis_Rank,True,-30.29,-13.07,-60.2,0.04,0.22,40.8,153,6970.66
30,60,0.65,5,Hysteresis_Rank,True,-31.07,-13.58,-66.54,0.04,0.2,29.9,72,6893.17
30,60,0.5,3,Inverse_Vol,False,-39.74,-18.02,-71.27,0.03,0.25,36.3,146,6025.94
50,60,0.4,5,Hysteresis_Rank,False,-35.49,-15.8,-62.35,0.03,0.25,37.5,98,6450.76
20,30,0.5,5,Equal_Weight,False,-26.98,-11.49,-61.68,0.03,0.19,36.1,258,7301.51
30,60,0.4,1,Hysteresis_Rank,True,-68.29,-36.27,-83.58,0.02,0.43,40.8,67,3171.18
20,30,0.5,3,Hysteresis_Rank,True,-35.56,-15.68,-64.96,0.02,0.24,36.1,133,6443.68
50,60,0.4,1,Hysteresis_Rank,True,-67.04,-35.3,-82.64,0.01,0.43,37.5,74,3296.46
30,60,0.4,3,Equal_Weight,False,-47.04,-22.07,-68.58,0.01,0.32,40.8,164,5295.53
50,60,0.4,3,Hysteresis_Rank,True,-47.82,-22.53,-74.3,0.01,0.3,37.5,96,5217.55
20,60,0.4,5,Hysteresis_Rank,True,-43.3,-19.95,-69.68,0.01,0.29,43.6,107,5670.32
20,60,0.65,5,Equal_Weight,False,-32.89,-14.48,-54.84,0.01,0.26,33.1,147,6710.97
50,60,0.65,3,Equal_Weight,True,-39.37,-17.83,-72.41,0.01,0.25,25.9,115,6062.82
20,60,0.5,1,Hysteresis_Rank,True,-59.95,-30.16,-84.82,0.0,0.36,39.8,65,4004.56
20,30,0.4,3,Equal_Weight,False,-41.44,-18.76,-66.65,0.0,0.28,40.8,216,5855.6
20,60,0.5,3,Inverse_Vol,True,-46.36,-21.68,-76.41,0.0,0.28,39.8,146,5364.13
20,60,0.65,5,Hysteresis_Rank,False,-32.27,-14.18,-54.12,0.0,0.26,33.1,84,6772.56
20,30,0.5,3,Inverse_Vol,False,-34.51,-15.15,-66.6,-0.0,0.23,36.1,199,6548.65
20,60,0.4,5,Inverse_Vol,True,-43.25,-19.93,-66.61,-0.01,0.3,43.6,202,5675.31
30,60,0.65,3,Equal_Weight,False,-41.62,-19.04,-68.05,-0.01,0.28,29.9,123,5837.87
20,60,0.65,3,Equal_Weight,True,-44.88,-20.84,-72.95,-0.02,0.29,33.1,126,5511.53
30,60,0.5,1,Hysteresis_Rank,False,-63.59,-32.72,-81.06,-0.03,0.4,36.3,60,3641.08
20,60,0.5,3,Hysteresis_Rank,False,-47.49,-22.33,-73.71,-0.03,0.3,39.8,88,5250.78
50,60,0.4,5,Hysteresis_Rank,True,-45.29,-21.07,-68.94,-0.04,0.31,37.5,98,5471.18
30,60,0.5,5,Equal_Weight,True,-48.34,-22.83,-76.78,-0.04,0.3,36.3,156,5165.8
20,60,0.65,5,Equal_Weight,True,-40.7,-18.53,-61.44,-0.05,0.3,33.1,147,5930.34
20,60,0.65,5,Hysteresis_Rank,True,-39.66,-17.98,-61.24,-0.05,0.29,33.1,84,6033.81
20,60,0.5,1,Equal_Weight,False,-69.19,-36.99,-83.3,-0.06,0.44,39.8,89,3081.07
20,60,0.5,1,Inverse_Vol,False,-69.19,-36.99,-83.3,-0.06,0.44,39.8,89,3081.07
20,60,0.65,1,Hysteresis_Rank,True,-62.09,-31.65,-77.56,-0.06,0.41,33.1,54,3790.84
20,30,0.5,5,Hysteresis_Rank,True,-34.22,-15.0,-57.92,-0.06,0.26,36.1,148,6578.15
30,60,0.4,3,Equal_Weight,True,-58.57,-29.23,-75.71,-0.07,0.39,40.8,164,4142.72
20,60,0.5,3,Equal_Weight,False,-52.01,-25.03,-75.87,-0.07,0.33,39.8,146,4798.76
30,60,0.5,3,Hysteresis_Rank,True,-55.25,-27.05,-77.53,-0.08,0.35,36.3,75,4475.1
20,60,0.4,5,Equal_Weight,False,-48.38,-22.85,-66.6,-0.08,0.34,43.6,202,5161.74
20,30,0.5,3,Equal_Weight,False,-44.35,-20.35,-67.77,-0.08,0.3,36.1,199,5564.59
20,60,0.65,1,Equal_Weight,False,-66.45,-34.85,-82.2,-0.09,0.42,33.1,71,3354.54
20,60,0.65,1,Inverse_Vol,False,-66.45,-34.85,-82.2,-0.09,0.42,33.1,71,3354.54
30,60,0.5,3,Inverse_Vol,True,-54.41,-26.52,-77.9,-0.09,0.34,36.3,146,4558.75
30,60,0.65,3,Equal_Weight,True,-51.66,-24.81,-73.04,-0.09,0.34,29.9,123,4833.72
30,60,0.4,5,Hysteresis_Rank,False,-49.87,-23.73,-71.83,-0.1,0.33,40.8,99,5012.84
20,30,0.4,5,Equal_Weight,True,-45.87,-21.2,-65.35,-0.11,0.32,40.8,280,5412.6
20,60,0.5,1,Equal_Weight,True,-77.81,-44.6,-86.81,-0.14,0.51,39.8,89,2219.25
20,60,0.5,1,Inverse_Vol,True,-77.81,-44.6,-86.81,-0.14,0.51,39.8,89,2219.25
20,60,0.4,5,Equal_Weight,True,-57.03,-28.21,-71.11,-0.14,0.4,43.6,202,4297.03
30,60,0.5,3,Equal_Weight,False,-57.31,-28.39,-73.68,-0.14,0.39,36.3,146,4268.58
20,60,0.5,5,Inverse_Vol,False,-48.6,-22.98,-70.54,-0.14,0.33,39.8,181,5139.84
30,60,0.5,1,Hysteresis_Rank,True,-75.24,-42.17,-85.49,-0.16,0.49,36.3,60,2476.19
20,60,0.65,1,Equal_Weight,True,-73.37,-40.49,-85.76,-0.16,0.47,33.1,71,2663.05
20,60,0.65,1,Inverse_Vol,True,-73.37,-40.49,-85.76,-0.16,0.47,33.1,71,2663.05
20,60,0.5,3,Hysteresis_Rank,True,-62.51,-31.95,-80.05,-0.18,0.4,39.8,88,3749.33
20,30,0.4,3,Inverse_Vol,True,-56.5,-27.61,-73.38,-0.18,0.38,40.8,216,4350.24
20,30,0.4,3,Equal_Weight,True,-59.99,-29.92,-71.11,-0.19,0.42,40.8,216,4000.61
30,60,0.5,5,Hysteresis_Rank,False,-54.31,-26.46,-71.58,-0.19,0.37,36.3,89,4569.28
30,60,0.4,5,Hysteresis_Rank,True,-61.15,-30.99,-78.69,-0.2,0.39,40.8,99,3885.47
20,30,0.5,5,Equal_Weight,True,-47.75,-22.27,-65.51,-0.2,0.34,36.1,258,5224.67
20,60,0.5,5,Hysteresis_Rank,False,-54.82,-26.78,-75.15,-0.21,0.36,39.8,97,4517.77
20,60,0.5,3,Equal_Weight,True,-65.5,-34.13,-80.61,-0.22,0.42,39.8,146,3449.88
20,60,0.5,5,Inverse_Vol,True,-59.03,-29.53,-75.9,-0.24,0.39,39.8,181,4097.31
20,30,0.5,3,Inverse_Vol,True,-55.27,-26.82,-72.16,-0.24,0.37,36.1,199,4472.92
30,60,0.5,3,Equal_Weight,True,-67.46,-35.62,-80.06,-0.25,0.44,36.3,146,3254.31
20,30,0.5,3,Equal_Weight,True,-61.32,-30.84,-71.7,-0.29,0.43,36.1,199,3867.61
30,60,0.5,5,Hysteresis_Rank,True,-65.25,-33.94,-78.27,-0.31,0.43,36.3,89,3475.29
20,60,0.5,5,Equal_Weight,False,-63.26,-32.48,-76.22,-0.32,0.43,39.8,181,3674.46
20,60,0.5,5,Hysteresis_Rank,True,-66.13,-34.6,-81.04,-0.33,0.43,39.8,97,3387.45
20,60,0.5,5,Equal_Weight,True,-71.92,-39.25,-81.12,-0.43,0.48,39.8,181,2807.56
